state,numcol,yieldpercol,totalprod,stocks,priceperlb,prodvalue,year,latitude,longitude,name
Alabama,16000.0,71,1136000.0,159000.0,0.72,818000.0,1998,,,
Arizona,55000.0,60,3300000.0,1485000.0,0.64,2112000.0,1998,,,
Arkansas,53000.0,65,3445000.0,1688000.0,0.59,2033000.0,1998,,,
California,450000.0,83,37350000.0,12326000.0,0.62,23157000.0,1998,,,
Colorado,27000.0,72,1944000.0,1594000.0,0.7,1361000.0,1998,,,
Florida,230000.0,98,22540000.0,4508000.0,0.64,14426000.0,1998,,,
Georgia,75000.0,56,4200000.0,307000.0,0.69,2898000.0,1998,,,
Hawaii,8000.0,118,944000.0,66000.0,0.77,727000.0,1998,,,
Idaho,120000.0,50,6000000.0,2220000.0,0.65,3900000.0,1998,,,
Illinois,9000.0,71,639000.0,204000.0,1.19,760000.0,1998,,,
Indiana,9000.0,92,828000.0,489000.0,0.85,704000.0,1998,,,
Iowa,50000.0,78,3900000.0,2301000.0,0.7,2730000.0,1998,,,
Kansas,16000.0,46,736000.0,390000.0,0.87,640000.0,1998,,,
Kentucky,3000.0,50,150000.0,51000.0,1.4,210000.0,1998,,,
Louisiana,41000.0,111,4551000.0,865000.0,0.59,2685000.0,1998,,,
Maine,10000.0,26,260000.0,117000.0,0.69,179000.0,1998,,,
Maryland,7000.0,44,308000.0,92000.0,1.1,339000.0,1998,,,
Michigan,80000.0,85,6800000.0,3672000.0,0.66,4488000.0,1998,,,
Minnesota,140000.0,79,11060000.0,2765000.0,0.65,7189000.0,1998,,,
Mississippi,18000.0,86,1548000.0,898000.0,0.58,898000.0,1998,,,
Missouri,23000.0,66,1518000.0,455000.0,0.76,1154000.0,1998,,,
Montana,115000.0,122,14030000.0,5472000.0,0.64,8979000.0,1998,,,
Nebraska,64000.0,70,4480000.0,2240000.0,0.86,3853000.0,1998,,,
Nevada,10000.0,46,460000.0,175000.0,1.65,759000.0,1998,,,
New Jersey,11000.0,49,539000.0,167000.0,0.76,410000.0,1998,,,
New Mexico,14000.0,55,770000.0,470000.0,0.76,585000.0,1998,,,
New York,65000.0,80,5200000.0,2444000.0,0.7,3640000.0,1998,,,
North Carolina,8000.0,59,472000.0,151000.0,1.38,651000.0,1998,,,
North Dakota,230000.0,128,29440000.0,8832000.0,0.63,18547000.0,1998,,,
Ohio,18000.0,78,1404000.0,702000.0,0.83,1165000.0,1998,,,
Oklahoma,4000.0,51,204000.0,63000.0,1.24,253000.0,1998,,,
Oregon,50000.0,45,2250000.0,1620000.0,0.9,2025000.0,1998,,,
Pennsylvania,26000.0,66,1716000.0,789000.0,0.8,1373000.0,1998,,,
South Dakota,225000.0,95,21375000.0,10901000.0,0.64,13680000.0,1998,,,
Tennessee,7000.0,64,448000.0,121000.0,1.32,591000.0,1998,,,
Texas,91000.0,77,7007000.0,1612000.0,0.62,4344000.0,1998,,,
Utah,30000.0,58,1740000.0,557000.0,0.65,1131000.0,1998,,,
Vermont,6000.0,64,384000.0,207000.0,0.85,326000.0,1998,,,
Virginia,8000.0,37,296000.0,86000.0,1.33,394000.0,1998,,,
Washington,58000.0,51,2958000.0,1361000.0,0.64,1893000.0,1998,,,
West Virginia,6000.0,55,330000.0,155000.0,1.14,376000.0,1998,,,
Wisconsin,89000.0,91,8099000.0,5264000.0,0.72,5831000.0,1998,,,
Wyoming,46000.0,60,2760000.0,524000.0,0.68,1877000.0,1998,,,
Alabama,17000.0,68,1156000.0,185000.0,0.56,647000.0,1999,,,
Arizona,52000.0,62,3224000.0,1548000.0,0.62,1999000.0,1999,,,
Arkansas,52000.0,89,4628000.0,2592000.0,0.53,2453000.0,1999,,,
California,465000.0,60,27900000.0,9486000.0,0.55,15345000.0,1999,,,
Colorado,27000.0,76,2052000.0,1436000.0,0.68,1395000.0,1999,,,
Florida,228000.0,102,23256000.0,4186000.0,0.53,12326000.0,1999,,,
Georgia,65000.0,51,3315000.0,497000.0,0.64,2122000.0,1999,,,
Hawaii,8000.0,80,640000.0,32000.0,0.8,512000.0,1999,,,
Idaho,120000.0,48,5760000.0,3110000.0,0.59,3398000.0,1999,,,
Illinois,9000.0,66,594000.0,327000.0,1.15,683000.0,1999,,,
Indiana,10000.0,81,810000.0,437000.0,0.9,729000.0,1999,,,
Iowa,40000.0,65,2600000.0,2028000.0,0.65,1690000.0,1999,,,
Kansas,13000.0,67,871000.0,854000.0,1.11,967000.0,1999,,,
Kentucky,3000.0,50,150000.0,12000.0,1.24,186000.0,1999,,,
Louisiana,48000.0,114,5472000.0,821000.0,0.49,2681000.0,1999,,,
Maine,14000.0,22,308000.0,89000.0,0.83,256000.0,1999,,,
Maryland,6000.0,46,276000.0,50000.0,1.64,453000.0,1999,,,
Michigan,73000.0,85,6205000.0,3475000.0,0.66,4095000.0,1999,,,
Minnesota,145000.0,82,11890000.0,3210000.0,0.61,7253000.0,1999,,,
Mississippi,18000.0,73,1314000.0,591000.0,0.54,710000.0,1999,,,
Missouri,24000.0,65,1560000.0,437000.0,0.68,1061000.0,1999,,,
Montana,122000.0,70,8540000.0,2135000.0,0.6,5124000.0,1999,,,
Nebraska,58000.0,77,4466000.0,1965000.0,0.61,2724000.0,1999,,,
Nevada,9000.0,45,405000.0,271000.0,1.54,624000.0,1999,,,
New Jersey,10000.0,44,440000.0,154000.0,0.57,251000.0,1999,,,
New Mexico,15000.0,52,780000.0,476000.0,0.77,601000.0,1999,,,
New York,69000.0,70,4830000.0,2077000.0,0.66,3188000.0,1999,,,
North Carolina,9000.0,46,414000.0,104000.0,1.62,671000.0,1999,,,
North Dakota,255000.0,105,26775000.0,8836000.0,0.59,15797000.0,1999,,,
Ohio,20000.0,74,1480000.0,784000.0,0.72,1066000.0,1999,,,
Oklahoma,6000.0,45,270000.0,49000.0,1.34,362000.0,1999,,,
Oregon,45000.0,57,2565000.0,2026000.0,0.8,2052000.0,1999,,,
Pennsylvania,28000.0,60,1680000.0,790000.0,0.76,1277000.0,1999,,,
South Dakota,224000.0,104,23296000.0,13046000.0,0.6,13978000.0,1999,,,
Tennessee,8000.0,51,408000.0,106000.0,1.3,530000.0,1999,,,
Texas,108000.0,81,8748000.0,2799000.0,0.64,5599000.0,1999,,,
Utah,26000.0,45,1170000.0,433000.0,0.68,796000.0,1999,,,
Vermont,6000.0,66,396000.0,222000.0,0.63,249000.0,1999,,,
Virginia,7000.0,35,245000.0,86000.0,1.17,287000.0,1999,,,
Washington,52000.0,50,2600000.0,1170000.0,0.6,1560000.0,1999,,,
West Virginia,6000.0,39,234000.0,152000.0,1.09,255000.0,1999,,,
Wisconsin,80000.0,75,6000000.0,4560000.0,0.68,4080000.0,1999,,,
Wyoming,37000.0,72,2664000.0,746000.0,0.61,1625000.0,1999,,,
Alabama,16000.0,78,1248000.0,187000.0,0.59,736000.0,2000,,,
Arizona,40000.0,59,2360000.0,1322000.0,0.73,1723000.0,2000,,,
Arkansas,52000.0,93,4836000.0,3337000.0,0.57,2757000.0,2000,,,
California,440000.0,70,30800000.0,11396000.0,0.59,18172000.0,2000,,,
Colorado,29000.0,60,1740000.0,957000.0,0.62,1079000.0,2000,,,
Florida,232000.0,105,24360000.0,2923000.0,0.54,13154000.0,2000,,,
Georgia,55000.0,57,3135000.0,376000.0,0.63,1975000.0,2000,,,
Hawaii,7000.0,112,784000.0,125000.0,0.82,643000.0,2000,,,
Idaho,100000.0,47,4700000.0,2679000.0,0.52,2444000.0,2000,,,
Illinois,8000.0,61,488000.0,146000.0,1.17,571000.0,2000,,,
Indiana,8000.0,65,520000.0,286000.0,1.03,536000.0,2000,,,
Iowa,30000.0,67,2010000.0,1206000.0,0.68,1367000.0,2000,,,
Kansas,15000.0,68,1020000.0,520000.0,0.91,928000.0,2000,,,
Kentucky,4000.0,48,192000.0,54000.0,1.35,259000.0,2000,,,
Louisiana,43000.0,94,4042000.0,1334000.0,0.52,2102000.0,2000,,,
Maine,11000.0,21,231000.0,143000.0,0.75,173000.0,2000,,,
Maryland,6000.0,46,276000.0,52000.0,1.14,315000.0,2000,,,
Michigan,72000.0,75,5400000.0,2970000.0,0.6,3240000.0,2000,,,
Minnesota,150000.0,90,13500000.0,3105000.0,0.57,7695000.0,2000,,,
Mississippi,17000.0,72,1224000.0,649000.0,0.69,845000.0,2000,,,
Missouri,23000.0,75,1725000.0,362000.0,0.6,1035000.0,2000,,,
Montana,124000.0,88,10912000.0,4692000.0,0.59,6438000.0,2000,,,
Nebraska,50000.0,87,4350000.0,2610000.0,0.59,2567000.0,2000,,,
Nevada,10000.0,35,350000.0,95000.0,1.45,508000.0,2000,,,
New Jersey,11000.0,35,385000.0,200000.0,0.61,235000.0,2000,,,
New Mexico,15000.0,64,960000.0,739000.0,0.72,691000.0,2000,,,
New York,58000.0,80,4640000.0,2274000.0,0.55,2552000.0,2000,,,
North Carolina,11000.0,49,539000.0,243000.0,1.43,771000.0,2000,,,
North Dakota,300000.0,115,34500000.0,13800000.0,0.57,19665000.0,2000,,,
Ohio,18000.0,65,1170000.0,585000.0,0.79,924000.0,2000,,,
Oklahoma,7000.0,35,245000.0,64000.0,1.26,309000.0,2000,,,
Oregon,48000.0,51,2448000.0,1665000.0,0.66,1616000.0,2000,,,
Pennsylvania,25000.0,45,1125000.0,630000.0,0.76,855000.0,2000,,,
South Dakota,235000.0,121,28435000.0,12796000.0,0.58,16492000.0,2000,,,
Tennessee,9000.0,61,549000.0,104000.0,1.43,785000.0,2000,,,
Texas,105000.0,79,8295000.0,2986000.0,0.57,4728000.0,2000,,,
Utah,24000.0,41,984000.0,462000.0,0.6,590000.0,2000,,,
Vermont,7000.0,59,413000.0,211000.0,0.68,281000.0,2000,,,
Virginia,7000.0,42,294000.0,103000.0,1.5,441000.0,2000,,,
Washington,52000.0,54,2808000.0,1151000.0,0.58,1629000.0,2000,,,
West Virginia,7000.0,54,378000.0,234000.0,1.22,461000.0,2000,,,
Wisconsin,84000.0,90,7560000.0,4385000.0,0.68,5141000.0,2000,,,
Wyoming,39000.0,93,3627000.0,798000.0,0.59,2140000.0,2000,,,
Alabama,14000.0,73,1022000.0,235000.0,0.72,736000.0,2001,,,
Arizona,43000.0,59,2537000.0,1142000.0,0.72,1827000.0,2001,,,
Arkansas,50000.0,98,4900000.0,1617000.0,0.65,3185000.0,2001,,,
California,460000.0,61,28060000.0,7857000.0,0.69,19361000.0,2001,,,
Colorado,26000.0,55,1430000.0,529000.0,0.71,1015000.0,2001,,,
Florida,220000.0,100,22000000.0,3432000.0,0.64,14080000.0,2001,,,
Georgia,55000.0,57,3135000.0,188000.0,0.7,2195000.0,2001,,,
Hawaii,8000.0,87,696000.0,84000.0,0.87,606000.0,2001,,,
Idaho,100000.0,46,4600000.0,1610000.0,0.67,3082000.0,2001,,,
Illinois,6000.0,76,456000.0,251000.0,1.58,720000.0,2001,,,
Indiana,7000.0,76,532000.0,186000.0,0.92,489000.0,2001,,,
Iowa,33000.0,51,1683000.0,875000.0,0.75,1262000.0,2001,,,
Kansas,13000.0,51,663000.0,530000.0,0.96,636000.0,2001,,,
Kentucky,4000.0,78,312000.0,125000.0,1.41,440000.0,2001,,,
Louisiana,45000.0,106,4770000.0,572000.0,0.6,2862000.0,2001,,,
Maine,11000.0,20,220000.0,106000.0,0.79,174000.0,2001,,,
Maryland,4000.0,46,184000.0,55000.0,1.6,294000.0,2001,,,
Michigan,76000.0,60,4560000.0,2827000.0,0.81,3694000.0,2001,,,
Minnesota,135000.0,81,10935000.0,1859000.0,0.65,7108000.0,2001,,,
Mississippi,17000.0,66,1122000.0,224000.0,0.89,999000.0,2001,,,
Missouri,22000.0,61,1342000.0,336000.0,0.71,953000.0,2001,,,
Montana,136000.0,102,13872000.0,4578000.0,0.67,9294000.0,2001,,,
Nebraska,43000.0,48,2064000.0,1115000.0,0.72,1486000.0,2001,,,
Nevada,9000.0,50,450000.0,36000.0,2.14,963000.0,2001,,,
New Jersey,11000.0,34,374000.0,71000.0,0.85,318000.0,2001,,,
New Mexico,10000.0,70,700000.0,350000.0,0.66,462000.0,2001,,,
New York,53000.0,70,3710000.0,1781000.0,0.79,2931000.0,2001,,,
North Carolina,13000.0,44,572000.0,172000.0,1.48,847000.0,2001,,,
North Dakota,280000.0,96,26880000.0,9408000.0,0.69,18547000.0,2001,,,
Ohio,18000.0,81,1458000.0,569000.0,1.01,1473000.0,2001,,,
Oklahoma,4000.0,47,188000.0,105000.0,1.43,269000.0,2001,,,
Oregon,44000.0,44,1936000.0,1200000.0,0.74,1433000.0,2001,,,
Pennsylvania,26000.0,57,1482000.0,785000.0,0.92,1363000.0,2001,,,
South Carolina,7000.0,40,280000.0,67000.0,0.79,221000.0,2001,,,
South Dakota,235000.0,65,15275000.0,12220000.0,0.71,10845000.0,2001,,,
Tennessee,8000.0,59,472000.0,131000.0,1.39,656000.0,2001,,,
Texas,97000.0,79,7663000.0,1533000.0,0.65,4981000.0,2001,,,
Utah,23000.0,38,874000.0,315000.0,0.65,568000.0,2001,,,
Vermont,7000.0,81,567000.0,249000.0,0.92,522000.0,2001,,,
Virginia,9000.0,52,468000.0,94000.0,1.26,590000.0,2001,,,
Washington,48000.0,52,2496000.0,1048000.0,0.72,1797000.0,2001,,,
West Virginia,7000.0,65,455000.0,410000.0,1.42,646000.0,2001,,,
Wisconsin,67000.0,81,5427000.0,3419000.0,0.82,4450000.0,2001,,,
Wyoming,38000.0,77,2926000.0,468000.0,0.65,1902000.0,2001,,,
Alabama,12000.0,86,1032000.0,103000.0,1.18,1218000.0,2002,,,
Arizona,38000.0,63,2394000.0,1197000.0,1.08,2586000.0,2002,,,
Arkansas,45000.0,88,3960000.0,871000.0,1.26,4990000.0,2002,,,
California,470000.0,50,23500000.0,3525000.0,1.32,31020000.0,2002,,,
Colorado,24000.0,60,1440000.0,576000.0,1.29,1858000.0,2002,,,
Florida,220000.0,93,20460000.0,2026000.0,1.14,23324000.0,2002,,,
Georgia,50000.0,52,2600000.0,52000.0,1.13,2938000.0,2002,,,
Hawaii,7000.0,136,952000.0,29000.0,1.11,1057000.0,2002,,,
Idaho,100000.0,57,5700000.0,1653000.0,1.37,7809000.0,2002,,,
Illinois,9000.0,80,720000.0,130000.0,1.47,1058000.0,2002,,,
Indiana,8000.0,62,496000.0,233000.0,1.19,590000.0,2002,,,
Iowa,33000.0,70,2310000.0,901000.0,1.43,3303000.0,2002,,,
Kansas,17000.0,52,884000.0,407000.0,1.5,1326000.0,2002,,,
Kentucky,5000.0,54,270000.0,78000.0,1.63,440000.0,2002,,,
Louisiana,35000.0,124,4340000.0,347000.0,1.16,5034000.0,2002,,,
Maine,11000.0,41,451000.0,266000.0,1.21,546000.0,2002,,,
Maryland,3000.0,46,138000.0,21000.0,1.96,270000.0,2002,,,
Michigan,72000.0,77,5544000.0,1885000.0,1.4,7762000.0,2002,,,
Minnesota,117000.0,73,8541000.0,1110000.0,1.47,12555000.0,2002,,,
Mississippi,18000.0,78,1404000.0,281000.0,1.23,1727000.0,2002,,,
Missouri,18000.0,50,900000.0,189000.0,1.42,1278000.0,2002,,,
Montana,134000.0,63,8442000.0,1097000.0,1.38,11650000.0,2002,,,
Nebraska,43000.0,75,3225000.0,1161000.0,1.49,4805000.0,2002,,,
Nevada,9000.0,62,558000.0,61000.0,2.67,1490000.0,2002,,,
New Jersey,11000.0,40,440000.0,92000.0,1.0,440000.0,2002,,,
New Mexico,11000.0,44,484000.0,252000.0,1.1,532000.0,2002,,,
New York,60000.0,98,5880000.0,2470000.0,1.25,7350000.0,2002,,,
North Carolina,16000.0,42,672000.0,74000.0,1.41,948000.0,2002,,,
North Dakota,320000.0,75,24000000.0,8160000.0,1.46,35040000.0,2002,,,
Ohio,18000.0,70,1260000.0,504000.0,1.44,1814000.0,2002,,,
Oklahoma,3000.0,53,159000.0,51000.0,1.63,259000.0,2002,,,
Oregon,43000.0,49,2107000.0,885000.0,1.35,2844000.0,2002,,,
Pennsylvania,29000.0,57,1653000.0,827000.0,1.34,2215000.0,2002,,,
South Carolina,5000.0,94,470000.0,14000.0,1.25,588000.0,2002,,,
South Dakota,225000.0,51,11475000.0,2410000.0,1.42,16295000.0,2002,,,
Tennessee,8000.0,61,488000.0,137000.0,1.4,683000.0,2002,,,
Texas,114000.0,67,7638000.0,985000.0,1.14,8707000.0,2002,,,
Utah,22000.0,59,1298000.0,208000.0,1.3,1687000.0,2002,,,
Vermont,7000.0,89,623000.0,274000.0,1.2,748000.0,2002,,,
Virginia,8000.0,38,304000.0,79000.0,1.9,578000.0,2002,,,
Washington,50000.0,51,2550000.0,561000.0,1.27,3239000.0,2002,,,
West Virginia,9000.0,51,459000.0,151000.0,1.32,606000.0,2002,,,
Wisconsin,70000.0,95,6650000.0,2461000.0,1.34,8911000.0,2002,,,
Wyoming,38000.0,63,2394000.0,383000.0,1.33,3184000.0,2002,,,
Alabama,13000.0,82,1066000.0,43000.0,1.24,1322000.0,2003,,,
Arizona,35000.0,72,2520000.0,983000.0,1.34,3377000.0,2003,,,
Arkansas,40000.0,75,3000000.0,810000.0,1.26,3780000.0,2003,,,
California,480000.0,67,32160000.0,6432000.0,1.39,44702000.0,2003,,,
Colorado,24000.0,86,2064000.0,722000.0,1.4,2890000.0,2003,,,
Florida,210000.0,71,14910000.0,1491000.0,1.32,19681000.0,2003,,,
Georgia,52000.0,65,3380000.0,270000.0,1.28,4326000.0,2003,,,
Hawaii,7000.0,114,798000.0,43000.0,1.45,1157000.0,2003,,,
Idaho,100000.0,46,4600000.0,1380000.0,1.33,6118000.0,2003,,,
Illinois,7000.0,60,420000.0,252000.0,1.83,769000.0,2003,,,
Indiana,5000.0,56,280000.0,78000.0,1.66,465000.0,2003,,,
Iowa,32000.0,59,1888000.0,868000.0,1.42,2681000.0,2003,,,
Kansas,16000.0,57,912000.0,447000.0,1.41,1286000.0,2003,,,
Kentucky,5000.0,48,240000.0,14000.0,1.67,401000.0,2003,,,
Louisiana,34000.0,90,3060000.0,275000.0,1.24,3794000.0,2003,,,
Maine,8000.0,33,264000.0,145000.0,1.41,372000.0,2003,,,
Maryland,2000.0,42,84000.0,21000.0,1.93,162000.0,2003,,,
Michigan,65000.0,74,4810000.0,1732000.0,1.41,6782000.0,2003,,,
Minnesota,120000.0,83,9960000.0,1892000.0,1.44,14342000.0,2003,,,
Mississippi,21000.0,69,1449000.0,246000.0,1.29,1869000.0,2003,,,
Missouri,17000.0,53,901000.0,189000.0,1.41,1270000.0,2003,,,
Montana,145000.0,66,9570000.0,1914000.0,1.44,13781000.0,2003,,,
Nebraska,45000.0,74,3330000.0,1299000.0,1.38,4595000.0,2003,,,
Nevada,6000.0,64,384000.0,46000.0,2.04,783000.0,2003,,,
New Jersey,10000.0,19,190000.0,101000.0,1.6,304000.0,2003,,,
New Mexico,6000.0,41,246000.0,108000.0,1.2,295000.0,2003,,,
New York,67000.0,72,4824000.0,1640000.0,1.36,6561000.0,2003,,,
North Carolina,10000.0,44,440000.0,79000.0,1.92,845000.0,2003,,,
North Dakota,340000.0,87,29580000.0,6803000.0,1.36,40229000.0,2003,,,
Ohio,15000.0,50,750000.0,278000.0,1.4,1050000.0,2003,,,
Oklahoma,3000.0,47,141000.0,69000.0,1.84,259000.0,2003,,,
Oregon,42000.0,51,2142000.0,964000.0,1.27,2720000.0,2003,,,
Pennsylvania,27000.0,50,1350000.0,419000.0,1.44,1944000.0,2003,,,
South Carolina,4000.0,70,280000.0,8000.0,1.89,529000.0,2003,,,
South Dakota,215000.0,70,15050000.0,2709000.0,1.43,21522000.0,2003,,,
Tennessee,6000.0,40,240000.0,46000.0,1.52,365000.0,2003,,,
Texas,140000.0,67,9380000.0,1126000.0,1.4,13132000.0,2003,,,
Utah,25000.0,57,1425000.0,157000.0,1.28,1824000.0,2003,,,
Vermont,7000.0,83,581000.0,163000.0,1.96,1139000.0,2003,,,
Virginia,6000.0,37,222000.0,69000.0,1.68,373000.0,2003,,,
Washington,58000.0,56,3248000.0,942000.0,1.46,4742000.0,2003,,,
West Virginia,8000.0,47,376000.0,194000.0,1.89,711000.0,2003,,,
Wisconsin,74000.0,77,5698000.0,2678000.0,1.47,8376000.0,2003,,,
Wyoming,39000.0,81,3159000.0,474000.0,1.41,4454000.0,2003,,,
Alabama,12000.0,87,1044000.0,282000.0,1.41,1472000.0,2004,,,
Arizona,32000.0,55,1760000.0,774000.0,1.11,1954000.0,2004,,,
Arkansas,40000.0,57,2280000.0,388000.0,0.87,1984000.0,2004,,,
California,390000.0,45,17550000.0,5792000.0,1.05,18428000.0,2004,,,
Colorado,23000.0,80,1840000.0,791000.0,1.35,2484000.0,2004,,,
Florida,205000.0,98,20090000.0,2009000.0,1.02,20492000.0,2004,,,
Georgia,63000.0,49,3087000.0,648000.0,1.2,3704000.0,2004,,,
Hawaii,8000.0,96,768000.0,77000.0,1.59,1221000.0,2004,,,
Idaho,100000.0,63,6300000.0,2520000.0,1.02,6426000.0,2004,,,
Illinois,7000.0,55,385000.0,193000.0,1.86,716000.0,2004,,,
Indiana,7000.0,59,413000.0,145000.0,1.47,607000.0,2004,,,
Iowa,35000.0,67,2345000.0,1337000.0,1.06,2486000.0,2004,,,
Kansas,14000.0,80,1120000.0,683000.0,1.18,1322000.0,2004,,,
Kentucky,5000.0,56,280000.0,34000.0,1.96,549000.0,2004,,,
Louisiana,35000.0,98,3430000.0,240000.0,0.79,2710000.0,2004,,,
Maine,7000.0,31,217000.0,37000.0,1.28,278000.0,2004,,,
Michigan,65000.0,67,4355000.0,2439000.0,1.16,5052000.0,2004,,,
Minnesota,135000.0,75,10125000.0,1924000.0,1.08,10935000.0,2004,,,
Mississippi,18000.0,65,1170000.0,421000.0,0.79,924000.0,2004,,,
Missouri,16000.0,41,656000.0,151000.0,1.36,892000.0,2004,,,
Montana,140000.0,77,10780000.0,3773000.0,1.08,11642000.0,2004,,,
Nebraska,51000.0,89,4539000.0,2043000.0,1.01,4584000.0,2004,,,
Nevada,14000.0,55,770000.0,316000.0,1.78,1371000.0,2004,,,
New Jersey,12000.0,27,324000.0,45000.0,1.4,454000.0,2004,,,
New Mexico,8000.0,44,352000.0,127000.0,1.19,419000.0,2004,,,
New York,64000.0,67,4288000.0,1887000.0,1.36,5832000.0,2004,,,
North Carolina,9000.0,40,360000.0,72000.0,1.93,695000.0,2004,,,
North Dakota,390000.0,78,30420000.0,9126000.0,1.05,31941000.0,2004,,,
Ohio,16000.0,58,928000.0,353000.0,1.53,1420000.0,2004,,,
Oregon,42000.0,54,2268000.0,1111000.0,1.21,2744000.0,2004,,,
Pennsylvania,30000.0,54,1620000.0,810000.0,1.42,2300000.0,2004,,,
South Dakota,215000.0,105,22575000.0,13545000.0,1.01,22801000.0,2004,,,
Tennessee,6000.0,54,324000.0,91000.0,1.73,561000.0,2004,,,
Texas,116000.0,76,8816000.0,1411000.0,0.97,8552000.0,2004,,,
Utah,24000.0,70,1680000.0,554000.0,1.1,1848000.0,2004,,,
Vermont,6000.0,68,408000.0,192000.0,1.51,616000.0,2004,,,
Virginia,7000.0,38,266000.0,69000.0,2.1,559000.0,2004,,,
Washington,56000.0,63,3528000.0,1376000.0,0.98,3457000.0,2004,,,
West Virginia,9000.0,55,495000.0,183000.0,1.41,698000.0,2004,,,
Wisconsin,68000.0,86,5848000.0,2632000.0,1.19,6959000.0,2004,,,
Wyoming,39000.0,75,2925000.0,380000.0,1.1,3218000.0,2004,,,
Alabama,13000.0,66,858000.0,266000.0,1.02,875000.0,2005,,,
Arizona,36000.0,50,1800000.0,720000.0,1.04,1872000.0,2005,,,
Arkansas,36000.0,69,2484000.0,571000.0,0.97,2409000.0,2005,,,
California,400000.0,75,30000000.0,9300000.0,0.86,25800000.0,2005,,,
Colorado,28000.0,70,1960000.0,902000.0,0.97,1901000.0,2005,,,
Florida,160000.0,86,13760000.0,2477000.0,0.87,11971000.0,2005,,,
Georgia,59000.0,49,2891000.0,434000.0,0.89,2573000.0,2005,,,
Hawaii,9000.0,131,1179000.0,283000.0,1.43,1686000.0,2005,,,
Idaho,95000.0,37,3515000.0,1793000.0,0.8,2812000.0,2005,,,
Illinois,8000.0,85,680000.0,408000.0,1.84,1251000.0,2005,,,
Indiana,8000.0,64,512000.0,189000.0,1.18,604000.0,2005,,,
Iowa,28000.0,88,2464000.0,1232000.0,1.21,2981000.0,2005,,,
Kansas,16000.0,50,800000.0,328000.0,1.05,840000.0,2005,,,
Kentucky,5000.0,50,250000.0,40000.0,2.08,520000.0,2005,,,
Louisiana,35000.0,97,3395000.0,611000.0,0.72,2444000.0,2005,,,
Maine,8000.0,26,208000.0,193000.0,1.66,345000.0,2005,,,
Michigan,65000.0,68,4420000.0,2519000.0,0.94,4155000.0,2005,,,
Minnesota,120000.0,74,8880000.0,1598000.0,0.9,7992000.0,2005,,,
Mississippi,16000.0,80,1280000.0,346000.0,0.67,858000.0,2005,,,
Missouri,15000.0,50,750000.0,180000.0,1.22,915000.0,2005,,,
Montana,130000.0,67,8710000.0,3136000.0,0.86,7491000.0,2005,,,
Nebraska,40000.0,68,2720000.0,2530000.0,0.87,2366000.0,2005,,,
Nevada,12000.0,46,552000.0,442000.0,3.11,1717000.0,2005,,,
New Jersey,12000.0,32,384000.0,104000.0,1.2,461000.0,2005,,,
New Mexico,7000.0,49,343000.0,113000.0,1.03,353000.0,2005,,,
New York,59000.0,73,4307000.0,2283000.0,1.34,5771000.0,2005,,,
North Carolina,10000.0,54,540000.0,146000.0,1.88,1015000.0,2005,,,
North Dakota,370000.0,91,33670000.0,8418000.0,0.83,27946000.0,2005,,,
Ohio,15000.0,69,1035000.0,580000.0,1.4,1449000.0,2005,,,
Oregon,39000.0,42,1638000.0,557000.0,1.08,1769000.0,2005,,,
Pennsylvania,28000.0,56,1568000.0,800000.0,1.12,1756000.0,2005,,,
South Dakota,220000.0,79,17380000.0,11818000.0,0.83,14425000.0,2005,,,
Tennessee,7000.0,55,385000.0,92000.0,1.67,643000.0,2005,,,
Texas,84000.0,71,5964000.0,954000.0,0.86,5129000.0,2005,,,
Utah,24000.0,45,1080000.0,346000.0,0.95,1026000.0,2005,,,
Vermont,6000.0,91,546000.0,169000.0,1.12,612000.0,2005,,,
Virginia,8000.0,37,296000.0,59000.0,2.2,651000.0,2005,,,
Washington,51000.0,55,2805000.0,1935000.0,1.01,2833000.0,2005,,,
West Virginia,8000.0,51,408000.0,102000.0,1.29,526000.0,2005,,,
Wisconsin,64000.0,83,5312000.0,2922000.0,1.14,6056000.0,2005,,,
Wyoming,40000.0,56,2240000.0,291000.0,0.89,1994000.0,2005,,,
Alabama,11000.0,72,792000.0,230000.0,1.21,958000.0,2006,,,
Arizona,30000.0,65,1950000.0,839000.0,0.91,1775000.0,2006,,,
Arkansas,32000.0,76,2432000.0,730000.0,0.89,2164000.0,2006,,,
California,380000.0,52,19760000.0,7706000.0,0.97,19167000.0,2006,,,
Colorado,36000.0,75,2700000.0,1458000.0,1.04,2808000.0,2006,,,
Florida,170000.0,81,13770000.0,1790000.0,1.0,13770000.0,2006,,,
Georgia,63000.0,74,4662000.0,746000.0,1.2,5594000.0,2006,,,
Hawaii,10000.0,93,930000.0,233000.0,1.21,1125000.0,2006,,,
Idaho,95000.0,44,4180000.0,2592000.0,0.97,4055000.0,2006,,,
Illinois,10000.0,66,660000.0,356000.0,2.14,1412000.0,2006,,,
Indiana,7000.0,54,378000.0,125000.0,1.58,597000.0,2006,,,
Iowa,26000.0,84,2184000.0,1441000.0,1.37,2992000.0,2006,,,
Kansas,14000.0,55,770000.0,246000.0,1.17,901000.0,2006,,,
Kentucky,5000.0,56,280000.0,70000.0,2.19,613000.0,2006,,,
Louisiana,30000.0,90,2700000.0,675000.0,0.9,2430000.0,2006,,,
Maine,11000.0,23,253000.0,86000.0,1.6,405000.0,2006,,,
Michigan,72000.0,55,3960000.0,2099000.0,1.15,4554000.0,2006,,,
Minnesota,125000.0,80,10000000.0,3300000.0,0.94,9400000.0,2006,,,
Mississippi,14000.0,98,1372000.0,453000.0,0.93,1276000.0,2006,,,
Missouri,15000.0,46,690000.0,117000.0,0.98,676000.0,2006,,,
Montana,132000.0,79,10428000.0,1981000.0,0.95,9907000.0,2006,,,
Nebraska,47000.0,73,3431000.0,3843000.0,0.93,3191000.0,2006,,,
Nevada,9000.0,37,333000.0,50000.0,3.62,1205000.0,2006,,,
New Jersey,9000.0,36,324000.0,152000.0,1.14,369000.0,2006,,,
New Mexico,7000.0,48,336000.0,104000.0,1.19,400000.0,2006,,,
New York,58000.0,64,3712000.0,2376000.0,1.3,4826000.0,2006,,,
North Carolina,10000.0,50,500000.0,215000.0,1.57,785000.0,2006,,,
North Dakota,350000.0,74,25900000.0,7770000.0,0.91,23569000.0,2006,,,
Ohio,14000.0,56,784000.0,282000.0,1.4,1098000.0,2006,,,
Oregon,46000.0,48,2208000.0,729000.0,1.05,2318000.0,2006,,,
Pennsylvania,28000.0,40,1120000.0,605000.0,1.63,1826000.0,2006,,,
South Dakota,225000.0,47,10575000.0,10575000.0,0.94,9941000.0,2006,,,
Tennessee,7000.0,55,385000.0,58000.0,1.84,708000.0,2006,,,
Texas,82000.0,70,5740000.0,976000.0,0.89,5109000.0,2006,,,
Utah,26000.0,50,1300000.0,299000.0,0.98,1274000.0,2006,,,
Vermont,6000.0,56,336000.0,144000.0,1.2,403000.0,2006,,,
Virginia,8000.0,42,336000.0,114000.0,2.2,739000.0,2006,,,
Washington,49000.0,52,2548000.0,1605000.0,1.24,3160000.0,2006,,,
West Virginia,6000.0,42,252000.0,68000.0,2.02,509000.0,2006,,,
Wisconsin,64000.0,93,5952000.0,2500000.0,1.12,6666000.0,2006,,,
Wyoming,39000.0,85,3315000.0,497000.0,0.98,3249000.0,2006,,,
Alabama,11000.0,56,616000.0,209000.0,1.49,918000.0,2007,,,
Arizona,30000.0,64,1920000.0,902000.0,1.26,2419000.0,2007,,,
Arkansas,28000.0,80,2240000.0,672000.0,0.95,2128000.0,2007,,,
California,340000.0,40,13600000.0,3672000.0,1.04,14144000.0,2007,,,
Colorado,31000.0,51,1581000.0,838000.0,1.15,1818000.0,2007,,,
Florida,160000.0,71,11360000.0,1363000.0,0.99,11246000.0,2007,,,
Georgia,60000.0,58,3480000.0,522000.0,1.19,4141000.0,2007,,,
Hawaii,10000.0,92,920000.0,285000.0,1.7,1564000.0,2007,,,
Idaho,92000.0,41,3772000.0,1848000.0,1.15,4338000.0,2007,,,
Illinois,9000.0,63,567000.0,374000.0,2.49,1412000.0,2007,,,
Indiana,8000.0,53,424000.0,119000.0,1.5,636000.0,2007,,,
Iowa,26000.0,81,2106000.0,1221000.0,1.31,2759000.0,2007,,,
Kansas,14000.0,40,560000.0,196000.0,1.18,661000.0,2007,,,
Kentucky,4000.0,61,244000.0,54000.0,2.12,517000.0,2007,,,
Louisiana,29000.0,89,2581000.0,413000.0,1.08,2787000.0,2007,,,
Maine,9000.0,26,234000.0,59000.0,1.32,309000.0,2007,,,
Michigan,72000.0,64,4608000.0,2350000.0,1.19,5484000.0,2007,,,
Minnesota,130000.0,68,8840000.0,2564000.0,1.04,9194000.0,2007,,,
Mississippi,15000.0,92,1380000.0,166000.0,0.91,1256000.0,2007,,,
Missouri,14000.0,46,644000.0,148000.0,1.12,721000.0,2007,,,
Montana,135000.0,68,9180000.0,2479000.0,0.99,9088000.0,2007,,,
Nebraska,45000.0,49,2205000.0,1477000.0,1.03,2271000.0,2007,,,
Nevada,10000.0,28,280000.0,67000.0,2.99,837000.0,2007,,,
New Jersey,9000.0,57,513000.0,185000.0,1.96,1005000.0,2007,,,
New Mexico,6000.0,59,354000.0,138000.0,1.42,503000.0,2007,,,
New York,53000.0,57,3021000.0,1843000.0,1.38,4169000.0,2007,,,
North Carolina,12000.0,45,540000.0,76000.0,2.49,1345000.0,2007,,,
North Dakota,420000.0,74,31080000.0,9013000.0,0.96,29837000.0,2007,,,
Ohio,14000.0,61,854000.0,376000.0,1.77,1512000.0,2007,,,
Oregon,46000.0,43,1978000.0,1088000.0,1.31,2591000.0,2007,,,
Pennsylvania,25000.0,42,1050000.0,326000.0,1.7,1785000.0,2007,,,
South Dakota,255000.0,52,13260000.0,10608000.0,1.02,13525000.0,2007,,,
Tennessee,7000.0,65,455000.0,114000.0,1.99,905000.0,2007,,,
Texas,105000.0,82,8610000.0,1550000.0,0.96,8266000.0,2007,,,
Utah,28000.0,42,1176000.0,270000.0,1.13,1329000.0,2007,,,
Vermont,5000.0,64,320000.0,96000.0,1.7,544000.0,2007,,,
Virginia,6000.0,46,276000.0,63000.0,2.43,671000.0,2007,,,
Washington,46000.0,44,2024000.0,648000.0,1.25,2530000.0,2007,,,
West Virginia,6000.0,48,288000.0,95000.0,2.09,602000.0,2007,,,
Wisconsin,60000.0,84,5040000.0,3024000.0,1.22,6149000.0,2007,,,
Wyoming,43000.0,80,3440000.0,894000.0,1.0,3440000.0,2007,,,
Alabama,9000.0,66,594000.0,214000.0,1.9,1129000.0,2008,,,
Arizona,25000.0,64,1600000.0,336000.0,1.26,2016000.0,2008,,,
Arkansas,28000.0,75,2100000.0,525000.0,1.35,2835000.0,2008,,,
California,360000.0,51,18360000.0,4039000.0,1.39,25520000.0,2008,,,
Colorado,27000.0,45,1215000.0,656000.0,1.51,1835000.0,2008,,,
Florida,150000.0,79,11850000.0,1304000.0,1.32,15642000.0,2008,,,
Georgia,65000.0,71,4615000.0,369000.0,1.52,7015000.0,2008,,,
Hawaii,10000.0,90,900000.0,225000.0,1.59,1431000.0,2008,,,
Idaho,90000.0,40,3600000.0,1440000.0,1.46,5256000.0,2008,,,
Illinois,8000.0,56,448000.0,116000.0,2.59,1160000.0,2008,,,
Indiana,7000.0,67,469000.0,150000.0,1.68,788000.0,2008,,,
Iowa,24000.0,62,1488000.0,580000.0,1.58,2351000.0,2008,,,
Kansas,10000.0,61,610000.0,128000.0,1.55,946000.0,2008,,,
Kentucky,4000.0,39,156000.0,27000.0,2.44,381000.0,2008,,,
Louisiana,40000.0,77,3080000.0,493000.0,1.36,4189000.0,2008,,,
Maine,7000.0,42,294000.0,79000.0,1.57,462000.0,2008,,,
Michigan,71000.0,73,5183000.0,2021000.0,1.44,7464000.0,2008,,,
Minnesota,122000.0,78,9516000.0,2569000.0,1.39,13227000.0,2008,,,
Mississippi,14000.0,98,1372000.0,110000.0,1.3,1784000.0,2008,,,
Missouri,11000.0,53,583000.0,152000.0,1.68,979000.0,2008,,,
Montana,134000.0,70,9380000.0,4596000.0,1.37,12851000.0,2008,,,
Nebraska,36000.0,67,2412000.0,1254000.0,1.45,3497000.0,2008,,,
Nevada,10000.0,29,290000.0,52000.0,1.42,412000.0,2008,,,
New Jersey,9000.0,40,360000.0,122000.0,1.62,583000.0,2008,,,
New Mexico,6000.0,48,288000.0,95000.0,1.48,426000.0,2008,,,
New York,50000.0,70,3500000.0,1260000.0,1.65,5775000.0,2008,,,
North Carolina,12000.0,52,624000.0,137000.0,2.18,1360000.0,2008,,,
North Dakota,400000.0,90,36000000.0,8640000.0,1.36,48960000.0,2008,,,
Ohio,14000.0,53,742000.0,371000.0,1.68,1247000.0,2008,,,
Oregon,50000.0,43,2150000.0,1097000.0,1.41,3032000.0,2008,,,
Pennsylvania,23000.0,48,1104000.0,276000.0,1.65,1822000.0,2008,,,
South Dakota,225000.0,95,21375000.0,11970000.0,1.34,28643000.0,2008,,,
Tennessee,7000.0,61,427000.0,149000.0,2.09,892000.0,2008,,,
Texas,77000.0,64,4928000.0,1380000.0,1.34,6604000.0,2008,,,
Utah,28000.0,48,1344000.0,242000.0,1.57,2110000.0,2008,,,
Vermont,5000.0,66,330000.0,119000.0,2.2,726000.0,2008,,,
Virginia,6000.0,42,252000.0,45000.0,2.42,610000.0,2008,,,
Washington,49000.0,44,2156000.0,862000.0,1.51,3256000.0,2008,,,
West Virginia,6000.0,43,258000.0,49000.0,2.16,557000.0,2008,,,
Wisconsin,58000.0,80,4640000.0,2366000.0,1.5,6960000.0,2008,,,
Wyoming,39000.0,61,2379000.0,381000.0,1.37,3259000.0,2008,,,
Alabama,9000.0,50,450000.0,68000.0,1.86,837000.0,2009,,,
Arizona,20000.0,52,1040000.0,562000.0,1.45,1508000.0,2009,,,
Arkansas,24000.0,57,1368000.0,301000.0,1.42,1943000.0,2009,,,
California,355000.0,33,11715000.0,2109000.0,1.39,16284000.0,2009,,,
Colorado,28000.0,53,1484000.0,326000.0,1.43,2122000.0,2009,,,
Florida,170000.0,68,11560000.0,1618000.0,1.42,16415000.0,2009,,,
Georgia,65000.0,41,2665000.0,346000.0,1.47,3918000.0,2009,,,
Hawaii,10000.0,95,950000.0,323000.0,1.76,1672000.0,2009,,,
Idaho,103000.0,46,4738000.0,1706000.0,1.52,7202000.0,2009,,,
Illinois,8000.0,34,272000.0,57000.0,2.55,694000.0,2009,,,
Indiana,9000.0,32,288000.0,101000.0,2.02,582000.0,2009,,,
Iowa,26000.0,42,1092000.0,339000.0,1.6,1747000.0,2009,,,
Kansas,9000.0,63,567000.0,164000.0,1.85,1049000.0,2009,,,
Kentucky,5000.0,35,175000.0,25000.0,2.71,474000.0,2009,,,
Louisiana,37000.0,103,3811000.0,610000.0,1.36,5183000.0,2009,,,
Maine,6000.0,50,300000.0,51000.0,1.95,585000.0,2009,,,
Michigan,66000.0,60,3960000.0,1505000.0,1.55,6138000.0,2009,,,
Minnesota,122000.0,65,7930000.0,1427000.0,1.44,11419000.0,2009,,,
Mississippi,14000.0,104,1456000.0,87000.0,1.32,1922000.0,2009,,,
Missouri,11000.0,47,517000.0,57000.0,1.99,1029000.0,2009,,,
Montana,146000.0,70,10220000.0,3577000.0,1.46,14921000.0,2009,,,
Nebraska,48000.0,56,2688000.0,1102000.0,1.46,3924000.0,2009,,,
New Jersey,11000.0,32,352000.0,70000.0,2.36,831000.0,2009,,,
New Mexico,7000.0,60,420000.0,143000.0,1.59,668000.0,2009,,,
New York,45000.0,65,2925000.0,936000.0,1.93,5645000.0,2009,,,
North Carolina,11000.0,45,495000.0,84000.0,2.57,1272000.0,2009,,,
North Dakota,450000.0,77,34650000.0,7623000.0,1.38,47817000.0,2009,,,
Ohio,11000.0,50,550000.0,132000.0,2.81,1546000.0,2009,,,
Oregon,55000.0,34,1870000.0,767000.0,1.54,2880000.0,2009,,,
Pennsylvania,21000.0,40,840000.0,319000.0,2.03,1705000.0,2009,,,
South Dakota,270000.0,66,17820000.0,6237000.0,1.42,25304000.0,2009,,,
Tennessee,7000.0,51,357000.0,86000.0,2.37,846000.0,2009,,,
Texas,89000.0,63,5607000.0,1065000.0,1.39,7794000.0,2009,,,
Utah,26000.0,38,988000.0,198000.0,1.46,1442000.0,2009,,,
Vermont,5000.0,49,245000.0,69000.0,2.01,492000.0,2009,,,
Virginia,6000.0,39,234000.0,56000.0,3.45,807000.0,2009,,,
Washington,62000.0,44,2728000.0,1064000.0,1.58,4310000.0,2009,,,
West Virginia,5000.0,37,185000.0,33000.0,2.6,481000.0,2009,,,
Wisconsin,63000.0,60,3780000.0,1588000.0,1.58,5972000.0,2009,,,
Wyoming,37000.0,48,1776000.0,391000.0,1.43,2540000.0,2009,,,
Alabama,9000.0,54,486000.0,73000.0,2.4,1166000.0,2010,,,
Arizona,24000.0,77,1848000.0,665000.0,1.52,2809000.0,2010,,,
Arkansas,25000.0,60,1500000.0,360000.0,1.47,2205000.0,2010,,,
California,410000.0,67,27470000.0,6318000.0,1.55,42579000.0,2010,,,
Colorado,34000.0,56,1904000.0,533000.0,1.52,2894000.0,2010,,,
Florida,200000.0,69,13800000.0,1794000.0,1.56,21528000.0,2010,,,
Georgia,55000.0,46,2530000.0,152000.0,1.67,4225000.0,2010,,,
Hawaii,10000.0,77,770000.0,239000.0,2.75,2118000.0,2010,,,
Idaho,97000.0,27,2619000.0,1179000.0,1.61,4217000.0,2010,,,
Illinois,9000.0,41,369000.0,92000.0,2.78,1026000.0,2010,,,
Indiana,10000.0,43,430000.0,151000.0,2.23,959000.0,2010,,,
Iowa,27000.0,49,1323000.0,463000.0,1.92,2540000.0,2010,,,
Kansas,9000.0,52,468000.0,103000.0,2.02,945000.0,2010,,,
Kentucky,5000.0,67,335000.0,67000.0,2.72,911000.0,2010,,,
Louisiana,36000.0,80,2880000.0,288000.0,1.5,4320000.0,2010,,,
Maine,5000.0,41,205000.0,33000.0,2.05,420000.0,2010,,,
Michigan,71000.0,58,4118000.0,1524000.0,1.67,6877000.0,2010,,,
Minnesota,128000.0,66,8448000.0,1774000.0,1.55,13094000.0,2010,,,
Mississippi,16000.0,98,1568000.0,78000.0,1.44,2258000.0,2010,,,
Missouri,11000.0,52,572000.0,92000.0,1.8,1030000.0,2010,,,
Montana,157000.0,74,11618000.0,2905000.0,1.58,18356000.0,2010,,,
Nebraska,41000.0,55,2255000.0,902000.0,1.51,3405000.0,2010,,,
New Jersey,13000.0,35,455000.0,73000.0,1.9,865000.0,2010,,,
New Mexico,7000.0,66,462000.0,157000.0,1.58,730000.0,2010,,,
New York,45000.0,64,2880000.0,1123000.0,1.96,5645000.0,2010,,,
North Carolina,13000.0,46,598000.0,144000.0,2.66,1591000.0,2010,,,
North Dakota,510000.0,91,46410000.0,12995000.0,1.5,69615000.0,2010,,,
Ohio,18000.0,62,1116000.0,346000.0,2.28,2544000.0,2010,,,
Oregon,59000.0,39,2301000.0,874000.0,1.63,3751000.0,2010,,,
Pennsylvania,30000.0,37,1110000.0,377000.0,2.13,2364000.0,2010,,,
South Dakota,265000.0,58,15370000.0,4765000.0,1.51,23209000.0,2010,,,
Tennessee,8000.0,63,504000.0,106000.0,2.5,1260000.0,2010,,,
Texas,100000.0,72,7200000.0,792000.0,1.51,10872000.0,2010,,,
Utah,26000.0,30,780000.0,195000.0,1.53,1193000.0,2010,,,
Vermont,4000.0,65,260000.0,73000.0,3.1,806000.0,2010,,,
Virginia,5000.0,37,185000.0,37000.0,3.32,614000.0,2010,,,
Washington,71000.0,37,2627000.0,1077000.0,1.57,4124000.0,2010,,,
West Virginia,5000.0,40,200000.0,40000.0,2.39,478000.0,2010,,,
Wisconsin,64000.0,64,4096000.0,1556000.0,1.68,6881000.0,2010,,,
Wyoming,34000.0,36,1224000.0,282000.0,1.59,1946000.0,2010,,,
Alabama,9000.0,50,450000.0,63000.0,2.51,1130000.0,2011,,,
Arizona,23000.0,53,1219000.0,427000.0,1.55,1889000.0,2011,,,
Arkansas,22000.0,64,1408000.0,239000.0,1.62,2281000.0,2011,,,
California,370000.0,48,17760000.0,3730000.0,1.65,29304000.0,2011,,,
Colorado,31000.0,55,1705000.0,443000.0,2.0,3410000.0,2011,,,
Florida,180000.0,61,10980000.0,988000.0,1.68,18446000.0,2011,,,
Georgia,65000.0,43,2795000.0,196000.0,1.65,4612000.0,2011,,,
Hawaii,9000.0,74,666000.0,246000.0,3.65,2431000.0,2011,,,
Idaho,87000.0,36,3132000.0,1879000.0,1.78,5575000.0,2011,,,
Illinois,7000.0,50,350000.0,98000.0,3.9,1365000.0,2011,,,
Indiana,8000.0,51,408000.0,147000.0,2.14,873000.0,2011,,,
Iowa,25000.0,62,1550000.0,961000.0,1.96,3038000.0,2011,,,
Kansas,7000.0,44,308000.0,117000.0,2.15,662000.0,2011,,,
Kentucky,4000.0,39,156000.0,12000.0,3.17,495000.0,2011,,,
Louisiana,36000.0,77,2772000.0,471000.0,1.67,4629000.0,2011,,,
Maine,4000.0,30,120000.0,17000.0,1.98,238000.0,2011,,,
Michigan,74000.0,64,4736000.0,2084000.0,1.81,8572000.0,2011,,,
Minnesota,120000.0,53,6360000.0,2099000.0,1.63,10367000.0,2011,,,
Mississippi,18000.0,115,2070000.0,104000.0,1.53,3167000.0,2011,,,
Missouri,8000.0,43,344000.0,76000.0,2.14,736000.0,2011,,,
Montana,145000.0,92,13340000.0,3202000.0,1.7,22678000.0,2011,,,
Nebraska,41000.0,59,2419000.0,653000.0,1.75,4233000.0,2011,,,
New Jersey,11000.0,41,451000.0,135000.0,3.7,1669000.0,2011,,,
New Mexico,7000.0,56,392000.0,153000.0,1.69,662000.0,2011,,,
New York,49000.0,56,2744000.0,1235000.0,1.96,5378000.0,2011,,,
North Carolina,14000.0,62,868000.0,95000.0,2.83,2456000.0,2011,,,
North Dakota,460000.0,71,32660000.0,7512000.0,1.67,54542000.0,2011,,,
Ohio,15000.0,66,990000.0,228000.0,2.34,2317000.0,2011,,,
Oregon,60000.0,34,2040000.0,755000.0,1.68,3427000.0,2011,,,
Pennsylvania,24000.0,44,1056000.0,306000.0,2.55,2693000.0,2011,,,
South Dakota,250000.0,66,16500000.0,4290000.0,1.7,28050000.0,2011,,,
Tennessee,7000.0,44,308000.0,68000.0,2.93,902000.0,2011,,,
Texas,78000.0,58,4524000.0,633000.0,1.78,8053000.0,2011,,,
Utah,23000.0,39,897000.0,170000.0,1.75,1570000.0,2011,,,
Vermont,4000.0,43,172000.0,43000.0,2.31,397000.0,2011,,,
Virginia,4000.0,40,160000.0,21000.0,4.07,651000.0,2011,,,
Washington,71000.0,38,2698000.0,836000.0,1.93,5207000.0,2011,,,
West Virginia,4000.0,53,212000.0,45000.0,2.57,545000.0,2011,,,
Wisconsin,57000.0,63,3591000.0,1508000.0,1.89,6787000.0,2011,,,
Wyoming,35000.0,54,1890000.0,265000.0,1.72,3251000.0,2011,,,
Alabama,8000.0,54,432000.0,65000.0,2.47,1067000.0,2012,,,
Arizona,22000.0,46,1012000.0,253000.0,1.79,1811000.0,2012,,,
Arkansas,25000.0,63,1575000.0,189000.0,1.98,3119000.0,2012,,,
California,330000.0,35,11550000.0,3119000.0,1.94,22407000.0,2012,,,
Colorado,25000.0,48,1200000.0,468000.0,2.07,2484000.0,2012,,,
Florida,193000.0,64,12352000.0,1235000.0,1.84,22728000.0,2012,,,
Georgia,59000.0,51,3009000.0,181000.0,1.92,5777000.0,2012,,,
Hawaii,10000.0,75,750000.0,263000.0,4.15,3113000.0,2012,,,
Idaho,92000.0,32,2944000.0,530000.0,1.63,4799000.0,2012,,,
Illinois,7000.0,61,427000.0,145000.0,3.55,1516000.0,2012,,,
Indiana,8000.0,59,472000.0,203000.0,2.54,1199000.0,2012,,,
Iowa,37000.0,61,2257000.0,1196000.0,2.17,4898000.0,2012,,,
Kansas,6000.0,55,330000.0,125000.0,2.28,752000.0,2012,,,
Kentucky,5000.0,51,255000.0,41000.0,3.15,803000.0,2012,,,
Louisiana,41000.0,86,3526000.0,141000.0,1.83,6453000.0,2012,,,
Maine,4000.0,34,136000.0,24000.0,2.39,325000.0,2012,,,
Michigan,73000.0,57,4161000.0,1332000.0,2.03,8447000.0,2012,,,
Minnesota,125000.0,67,8375000.0,1591000.0,1.92,16080000.0,2012,,,
Mississippi,18000.0,118,2124000.0,64000.0,1.77,3759000.0,2012,,,
Missouri,7000.0,53,371000.0,108000.0,2.8,1039000.0,2012,,,
Montana,145000.0,52,7540000.0,2413000.0,1.95,14703000.0,2012,,,
Nebraska,43000.0,65,2795000.0,1146000.0,1.93,5394000.0,2012,,,
New Jersey,14000.0,33,462000.0,51000.0,1.97,910000.0,2012,,,
New Mexico,5000.0,52,260000.0,99000.0,3.39,881000.0,2012,,,
New York,51000.0,51,2601000.0,988000.0,2.23,5800000.0,2012,,,
North Carolina,13000.0,39,507000.0,106000.0,3.76,1906000.0,2012,,,
North Dakota,480000.0,69,33120000.0,5962000.0,1.92,63590000.0,2012,,,
Ohio,18000.0,60,1080000.0,410000.0,2.46,2657000.0,2012,,,
Oregon,60000.0,32,1920000.0,845000.0,2.16,4147000.0,2012,,,
Pennsylvania,16000.0,60,960000.0,269000.0,2.57,2467000.0,2012,,,
South Dakota,260000.0,63,16380000.0,3604000.0,1.95,31941000.0,2012,,,
Tennessee,6000.0,61,366000.0,59000.0,2.93,1072000.0,2012,,,
Texas,92000.0,52,4784000.0,718000.0,2.0,9568000.0,2012,,,
Utah,25000.0,38,950000.0,209000.0,1.87,1777000.0,2012,,,
Vermont,4000.0,60,240000.0,53000.0,2.39,574000.0,2012,,,
Virginia,4000.0,41,164000.0,23000.0,3.77,618000.0,2012,,,
Washington,62000.0,41,2542000.0,1017000.0,2.38,6050000.0,2012,,,
West Virginia,6000.0,48,288000.0,95000.0,2.91,838000.0,2012,,,
Wisconsin,60000.0,69,4140000.0,1863000.0,2.05,8487000.0,2012,,,
Wyoming,50000.0,51,2550000.0,459000.0,1.87,4769000.0,2012,,,
Alabama,7000.0,52,364000.0,55000.0,2.85,1037000.0,2013,,,
Arizona,29000.0,36,1044000.0,251000.0,1.96,2046000.0,2013,,,
Arkansas,22000.0,60,1320000.0,66000.0,2.02,2666000.0,2013,,,
California,330000.0,33,10890000.0,2505000.0,2.11,22978000.0,2013,,,
Colorado,26000.0,43,1118000.0,324000.0,2.1,2348000.0,2013,,,
Florida,220000.0,61,13420000.0,1074000.0,2.03,27243000.0,2013,,,
Georgia,67000.0,50,3350000.0,637000.0,2.26,7571000.0,2013,,,
Hawaii,13000.0,83,1079000.0,65000.0,1.97,2126000.0,2013,,,
Idaho,83000.0,32,2656000.0,1036000.0,2.02,5365000.0,2013,,,
Illinois,7000.0,48,336000.0,101000.0,4.19,1408000.0,2013,,,
Indiana,6000.0,47,282000.0,82000.0,2.77,781000.0,2013,,,
Iowa,39000.0,48,1872000.0,1217000.0,2.45,4586000.0,2013,,,
Kansas,6000.0,46,276000.0,39000.0,2.5,690000.0,2013,,,
Kentucky,3000.0,41,123000.0,17000.0,3.25,400000.0,2013,,,
Louisiana,50000.0,98,4900000.0,490000.0,1.89,9261000.0,2013,,,
Maine,7000.0,43,301000.0,27000.0,3.14,945000.0,2013,,,
Michigan,85000.0,55,4675000.0,982000.0,2.16,10098000.0,2013,,,
Minnesota,130000.0,58,7540000.0,1282000.0,1.99,15005000.0,2013,,,
Mississippi,17000.0,116,1972000.0,39000.0,1.86,3668000.0,2013,,,
Missouri,10000.0,47,470000.0,85000.0,2.62,1231000.0,2013,,,
Montana,159000.0,94,14946000.0,5231000.0,2.09,31237000.0,2013,,,
Nebraska,46000.0,60,2760000.0,1628000.0,2.07,5713000.0,2013,,,
New Jersey,11000.0,44,484000.0,34000.0,4.19,2028000.0,2013,,,
New York,55000.0,48,2640000.0,1030000.0,2.12,5597000.0,2013,,,
North Carolina,10000.0,38,380000.0,84000.0,3.67,1395000.0,2013,,,
North Dakota,480000.0,69,33120000.0,6955000.0,2.04,67565000.0,2013,,,
Ohio,17000.0,45,765000.0,390000.0,3.29,2517000.0,2013,,,
Oregon,62000.0,35,2170000.0,456000.0,2.39,5186000.0,2013,,,
Pennsylvania,13000.0,45,585000.0,257000.0,3.03,1773000.0,2013,,,
South Dakota,265000.0,56,14840000.0,6381000.0,2.07,30719000.0,2013,,,
Tennessee,7000.0,45,315000.0,63000.0,3.55,1118000.0,2013,,,
Texas,106000.0,59,6254000.0,1689000.0,2.1,13133000.0,2013,,,
Utah,30000.0,34,1020000.0,92000.0,2.09,2132000.0,2013,,,
Vermont,3000.0,51,153000.0,46000.0,3.89,595000.0,2013,,,
Virginia,5000.0,35,175000.0,42000.0,4.5,788000.0,2013,,,
Washington,69000.0,39,2691000.0,1023000.0,2.3,6189000.0,2013,,,
West Virginia,6000.0,46,276000.0,83000.0,3.66,1010000.0,2013,,,
Wisconsin,59000.0,60,3540000.0,1558000.0,2.38,8425000.0,2013,,,
Wyoming,47000.0,66,3102000.0,558000.0,2.11,6545000.0,2013,,,
Alabama,7000.0,53,371000.0,26000.0,3.53,1310000.0,2014,,,
Arizona,26000.0,39,1014000.0,193000.0,1.92,1947000.0,2014,,,
Arkansas,21000.0,65,1365000.0,137000.0,2.04,2785000.0,2014,,,
California,320000.0,39,12480000.0,2995000.0,2.06,25709000.0,2014,,,
Colorado,27000.0,37,999000.0,200000.0,2.11,2108000.0,2014,,,
Florida,245000.0,60,14700000.0,1029000.0,2.08,30576000.0,2014,,,
Georgia,73000.0,62,4526000.0,362000.0,2.19,9912000.0,2014,,,
Hawaii,15000.0,93,1395000.0,140000.0,2.29,3195000.0,2014,,,
Idaho,100000.0,34,3400000.0,850000.0,2.03,6902000.0,2014,,,
Illinois,8000.0,49,392000.0,94000.0,4.11,1611000.0,2014,,,
Indiana,5000.0,62,310000.0,115000.0,3.19,989000.0,2014,,,
Iowa,35000.0,43,1505000.0,933000.0,2.41,3627000.0,2014,,,
Kansas,7000.0,75,525000.0,84000.0,2.38,1250000.0,2014,,,
Kentucky,5000.0,47,235000.0,56000.0,3.96,931000.0,2014,,,
Louisiana,48000.0,84,4032000.0,524000.0,2.18,8790000.0,2014,,,
Maine,8000.0,47,376000.0,41000.0,4.99,1876000.0,2014,,,
Michigan,91000.0,63,5733000.0,1835000.0,2.49,14275000.0,2014,,,
Minnesota,132000.0,60,7920000.0,1426000.0,2.06,16315000.0,2014,,,
Mississippi,20000.0,112,2240000.0,45000.0,2.01,4502000.0,2014,,,
Missouri,12000.0,47,564000.0,96000.0,3.63,2047000.0,2014,,,
Montana,162000.0,88,14256000.0,5132000.0,2.09,29795000.0,2014,,,
Nebraska,50000.0,75,3750000.0,1688000.0,2.04,7650000.0,2014,,,
New Jersey,12000.0,30,360000.0,119000.0,3.13,1127000.0,2014,,,
New York,60000.0,55,3300000.0,1518000.0,2.83,9339000.0,2014,,,
North Carolina,12000.0,43,516000.0,88000.0,3.49,1801000.0,2014,,,
North Dakota,490000.0,86,42140000.0,9271000.0,1.99,83859000.0,2014,,,
Ohio,15000.0,61,915000.0,256000.0,3.58,3276000.0,2014,,,
Oregon,71000.0,40,2840000.0,767000.0,2.2,6248000.0,2014,,,
Pennsylvania,17000.0,46,782000.0,203000.0,2.91,2276000.0,2014,,,
South Carolina,9000.0,54,486000.0,19000.0,3.97,1929000.0,2014,,,
South Dakota,280000.0,87,24360000.0,5846000.0,2.08,50669000.0,2014,,,
Tennessee,7000.0,63,441000.0,88000.0,3.76,1658000.0,2014,,,
Texas,116000.0,78,9048000.0,2081000.0,2.24,20268000.0,2014,,,
Utah,29000.0,28,812000.0,130000.0,2.13,1730000.0,2014,,,
Vermont,3000.0,58,174000.0,61000.0,4.89,851000.0,2014,,,
Virginia,6000.0,41,246000.0,57000.0,4.68,1151000.0,2014,,,
Washington,68000.0,44,2992000.0,1167000.0,2.61,7809000.0,2014,,,
West Virginia,6000.0,31,186000.0,33000.0,4.07,757000.0,2014,,,
Wisconsin,53000.0,54,2862000.0,1030000.0,2.38,6812000.0,2014,,,
Wyoming,38000.0,61,2318000.0,255000.0,2.08,4821000.0,2014,,,
Alabama,7000.0,47,329000.0,13000.0,3.83,1260000.0,2015,,,
Arizona,26000.0,49,1274000.0,306000.0,2.03,2586000.0,2015,,,
Arkansas,24000.0,72,1728000.0,121000.0,2.06,3560000.0,2015,,,
California,275000.0,30,8250000.0,1485000.0,2.03,16748000.0,2015,,,
Colorado,29000.0,51,1479000.0,399000.0,2.26,3343000.0,2015,,,
Florida,220000.0,54,11880000.0,832000.0,1.97,23404000.0,2015,,,
Georgia,69000.0,40,2760000.0,221000.0,2.43,6707000.0,2015,,,
Hawaii,14000.0,102,1428000.0,71000.0,1.91,2727000.0,2015,,,
Idaho,89000.0,32,2848000.0,1082000.0,1.93,5497000.0,2015,,,
Illinois,8000.0,51,408000.0,155000.0,4.66,1901000.0,2015,,,
Indiana,6000.0,53,318000.0,165000.0,3.23,1027000.0,2015,,,
Iowa,36000.0,50,1800000.0,990000.0,2.2,3960000.0,2015,,,
Kansas,8000.0,36,288000.0,107000.0,3.5,1008000.0,2015,,,
Kentucky,5000.0,46,230000.0,55000.0,4.04,929000.0,2015,,,
Louisiana,44000.0,99,4356000.0,348000.0,1.95,8494000.0,2015,,,
Maine,10000.0,47,470000.0,47000.0,5.43,2552000.0,2015,,,
Michigan,90000.0,58,5220000.0,1984000.0,2.44,12737000.0,2015,,,
Minnesota,122000.0,68,8296000.0,2157000.0,1.84,15265000.0,2015,,,
Mississippi,15000.0,83,1245000.0,87000.0,2.4,2988000.0,2015,,,
Missouri,10000.0,52,520000.0,52000.0,3.55,1846000.0,2015,,,
Montana,146000.0,83,12118000.0,3757000.0,1.94,23509000.0,2015,,,
Nebraska,57000.0,48,2736000.0,1450000.0,2.04,5581000.0,2015,,,
New Jersey,12000.0,27,324000.0,207000.0,4.2,1361000.0,2015,,,
New York,58000.0,62,3596000.0,899000.0,2.94,10572000.0,2015,,,
North Carolina,12000.0,45,540000.0,103000.0,4.51,2435000.0,2015,,,
North Dakota,490000.0,74,36260000.0,9428000.0,1.8,65268000.0,2015,,,
Ohio,17000.0,50,850000.0,357000.0,3.6,3060000.0,2015,,,
Oregon,71000.0,38,2698000.0,809000.0,2.43,6556000.0,2015,,,
Pennsylvania,17000.0,53,901000.0,225000.0,3.62,3262000.0,2015,,,
South Carolina,14000.0,67,938000.0,38000.0,4.1,3846000.0,2015,,,
South Dakota,290000.0,66,19140000.0,9379000.0,1.79,34261000.0,2015,,,
Tennessee,7000.0,59,413000.0,78000.0,4.04,1669000.0,2015,,,
Texas,126000.0,66,8316000.0,1164000.0,2.1,17464000.0,2015,,,
Utah,27000.0,42,1134000.0,147000.0,1.92,2177000.0,2015,,,
Vermont,5000.0,52,260000.0,62000.0,4.23,1100000.0,2015,,,
Virginia,6000.0,38,228000.0,50000.0,5.53,1261000.0,2015,,,
Washington,73000.0,44,3212000.0,1221000.0,1.8,5782000.0,2015,,,
West Virginia,5000.0,35,175000.0,32000.0,4.44,777000.0,2015,,,
Wisconsin,52000.0,67,3484000.0,1603000.0,2.43,8466000.0,2015,,,
Wyoming,38000.0,77,2926000.0,146000.0,1.9,5559000.0,2015,,,
Alabama,7000.0,52,364000.0,33000.0,3.37,1227000.0,2016,,,
Arizona,27000.0,46,1242000.0,261000.0,1.99,2472000.0,2016,,,
Arkansas,24000.0,69,1656000.0,99000.0,1.84,3047000.0,2016,,,
California,310000.0,36,11160000.0,2009000.0,2.0,22320000.0,2016,,,
Colorado,32000.0,40,1280000.0,282000.0,2.17,2778000.0,2016,,,
Florida,215000.0,50,10750000.0,538000.0,2.44,26230000.0,2016,,,
Georgia,96000.0,39,3744000.0,899000.0,2.69,10071000.0,2016,,,
Hawaii,16000.0,113,1808000.0,127000.0,2.31,4176000.0,2016,,,
Idaho,97000.0,34,3298000.0,1253000.0,1.72,5673000.0,2016,,,
Illinois,10000.0,48,480000.0,77000.0,5.39,2587000.0,2016,,,
Indiana,7000.0,62,434000.0,208000.0,3.36,1458000.0,2016,,,
Iowa,37000.0,48,1776000.0,746000.0,2.07,3676000.0,2016,,,
Kansas,7000.0,48,336000.0,54000.0,2.97,998000.0,2016,,,
Kentucky,5000.0,46,230000.0,48000.0,4.02,925000.0,2016,,,
Louisiana,50000.0,86,4300000.0,301000.0,1.93,8299000.0,2016,,,
Maine,12000.0,34,408000.0,65000.0,3.21,1310000.0,2016,,,
Michigan,89000.0,60,5340000.0,1709000.0,2.25,12015000.0,2016,,,
Minnesota,124000.0,59,7316000.0,1390000.0,1.64,11998000.0,2016,,,
Mississippi,19000.0,85,1615000.0,113000.0,1.74,2810000.0,2016,,,
Missouri,8000.0,62,496000.0,30000.0,2.18,1081000.0,2016,,,
Montana,159000.0,77,12243000.0,3183000.0,1.75,21425000.0,2016,,,
Nebraska,48000.0,46,2208000.0,640000.0,1.88,4151000.0,2016,,,
New Jersey,12000.0,27,324000.0,198000.0,6.69,2168000.0,2016,,,
New York,64000.0,57,3648000.0,1167000.0,3.2,11674000.0,2016,,,
North Carolina,12000.0,37,444000.0,89000.0,4.61,2047000.0,2016,,,
North Dakota,485000.0,78,37830000.0,6809000.0,1.73,65446000.0,2016,,,
Ohio,15000.0,79,1185000.0,664000.0,3.84,4550000.0,2016,,,
Oregon,74000.0,35,2590000.0,622000.0,2.06,5335000.0,2016,,,
Pennsylvania,19000.0,50,950000.0,266000.0,3.15,2993000.0,2016,,,
South Carolina,16000.0,45,720000.0,36000.0,4.5,3240000.0,2016,,,
South Dakota,280000.0,71,19880000.0,12127000.0,1.74,34591000.0,2016,,,
Tennessee,6000.0,55,330000.0,69000.0,4.78,1577000.0,2016,,,
Texas,133000.0,70,9310000.0,2607000.0,1.96,18248000.0,2016,,,
Utah,31000.0,32,992000.0,169000.0,1.91,1895000.0,2016,,,
Vermont,6000.0,52,312000.0,69000.0,2.82,880000.0,2016,,,
Virginia,5000.0,38,190000.0,30000.0,5.82,1106000.0,2016,,,
Washington,84000.0,35,2940000.0,412000.0,1.88,5527000.0,2016,,,
West Virginia,5000.0,32,160000.0,43000.0,3.73,597000.0,2016,,,
Wisconsin,54000.0,62,3348000.0,1205000.0,2.44,8169000.0,2016,,,
Wyoming,40000.0,68,2720000.0,190000.0,1.76,4787000.0,2016,,,
Alabama,7000.0,45,315000.0,22000.0,2.77,873000.0,2017,,,
Arizona,22000.0,40,880000.0,97000.0,1.96,1725000.0,2017,,,
Arkansas,29000.0,77,2233000.0,223000.0,1.91,4265000.0,2017,,,
California,335000.0,41,13735000.0,2198000.0,2.09,28706000.0,2017,,,
Colorado,33000.0,43,1419000.0,284000.0,2.06,2923000.0,2017,,,
Florida,205000.0,43,8815000.0,529000.0,2.4,21156000.0,2017,,,
Georgia,99000.0,32,3168000.0,190000.0,2.96,9377000.0,2017,,,
Hawaii,12000.0,131,1572000.0,16000.0,1.51,2374000.0,2017,,,
Idaho,95000.0,44,4180000.0,1045000.0,1.79,7482000.0,2017,,,
Illinois,11000.0,46,506000.0,167000.0,4.76,2409000.0,2017,,,
Indiana,7000.0,48,336000.0,128000.0,3.94,1324000.0,2017,,,
Iowa,35000.0,58,2030000.0,1035000.0,2.22,4507000.0,2017,,,
Kansas,7000.0,79,553000.0,260000.0,4.18,2312000.0,2017,,,
Kentucky,5000.0,38,190000.0,42000.0,4.08,775000.0,2017,,,
Louisiana,43000.0,81,3483000.0,279000.0,1.88,6548000.0,2017,,,
Maine,12000.0,33,396000.0,51000.0,5.45,2158000.0,2017,,,
Michigan,87000.0,45,3915000.0,822000.0,2.41,9435000.0,2017,,,
Minnesota,126000.0,62,7812000.0,1016000.0,1.86,14530000.0,2017,,,
Mississippi,13000.0,80,1040000.0,83000.0,1.81,1882000.0,2017,,,
Missouri,8000.0,65,520000.0,57000.0,3.53,1836000.0,2017,,,
Montana,145000.0,72,10440000.0,2506000.0,2.3,24012000.0,2017,,,
Nebraska,42000.0,63,2646000.0,423000.0,1.99,5266000.0,2017,,,
New Jersey,13000.0,28,364000.0,167000.0,7.86,2861000.0,2017,,,
New York,57000.0,56,3192000.0,766000.0,3.01,9608000.0,2017,,,
North Carolina,11000.0,41,451000.0,99000.0,4.34,1957000.0,2017,,,
North Dakota,455000.0,74,33670000.0,4377000.0,1.89,63636000.0,2017,,,
Ohio,15000.0,73,1095000.0,657000.0,3.12,3416000.0,2017,,,
Oregon,78000.0,40,3120000.0,998000.0,1.89,5897000.0,2017,,,
Pennsylvania,16000.0,46,736000.0,177000.0,3.4,2502000.0,2017,,,
South Carolina,16000.0,34,544000.0,27000.0,3.06,1665000.0,2017,,,
South Dakota,255000.0,57,14535000.0,6541000.0,1.91,27762000.0,2017,,,
Tennessee,7000.0,41,287000.0,75000.0,4.68,1343000.0,2017,,,
Texas,120000.0,66,7920000.0,2297000.0,2.11,16711000.0,2017,,,
Utah,27000.0,31,837000.0,67000.0,2.06,1724000.0,2017,,,
Vermont,7000.0,45,315000.0,120000.0,4.17,1314000.0,2017,,,
Virginia,5000.0,35,175000.0,39000.0,5.73,1003000.0,2017,,,
Washington,77000.0,45,3465000.0,1594000.0,2.25,7796000.0,2017,,,
West Virginia,6000.0,40,240000.0,50000.0,3.85,924000.0,2017,,,
Wisconsin,53000.0,56,2968000.0,683000.0,2.77,8221000.0,2017,,,
Wyoming,39000.0,53,2067000.0,186000.0,1.59,3287000.0,2017,,,
Alabama,6000.0,45,270000.0,14000.0,3.57,964000.0,2018,,,
Arizona,24000.0,38,912000.0,109000.0,2.82,2572000.0,2018,,,
Arkansas,28000.0,50,1400000.0,84000.0,1.87,2618000.0,2018,,,
California,335000.0,41,13735000.0,3022000.0,2.06,28294000.0,2018,,,
Colorado,31000.0,48,1488000.0,283000.0,2.02,3006000.0,2018,,,
Florida,215000.0,49,10535000.0,737000.0,2.4,25284000.0,2018,,,
Georgia,98000.0,34,3332000.0,200000.0,2.79,9296000.0,2018,,,
Hawaii,17000.0,3,1751000.0,18000.0,1.83,3204000.0,2018,,,
Idaho,96000.0,31,2976000.0,655000.0,1.96,5833000.0,2018,,,
Illinois,11000.0,41,451000.0,108000.0,5.01,2260000.0,2018,,,
Indiana,7000.0,46,322000.0,106000.0,3.75,1208000.0,2018,,,
Iowa,38000.0,49,1862000.0,1005000.0,2.35,4376000.0,2018,,,
Kansas,5000.0,73,365000.0,95000.0,3.0,1095000.0,2018,,,
Kentucky,4000.0,41,164000.0,34000.0,5.42,889000.0,2018,,,
Louisiana,45000.0,83,3735000.0,261000.0,1.9,7097000.0,2018,,,
Maine,12000.0,32,384000.0,92000.0,2.68,1029000.0,2018,,,
Michigan,92000.0,44,4048000.0,729000.0,2.37,9594000.0,2018,,,
Minnesota,119000.0,61,7259000.0,1161000.0,1.88,13647000.0,2018,,,
Mississippi,20000.0,87,1740000.0,70000.0,2.05,3567000.0,2018,,,
Missouri,9000.0,45,405000.0,36000.0,2.58,1045000.0,2018,,,
Montana,160000.0,92,14720000.0,3680000.0,1.92,28262000.0,2018,,,
Nebraska,40000.0,59,2360000.0,850000.0,1.99,4696000.0,2018,,,
New Jersey,13000.0,31,403000.0,165000.0,7.35,2962000.0,2018,,,
New York,56000.0,48,2688000.0,833000.0,3.34,8978000.0,2018,,,
North Carolina,10000.0,33,330000.0,63000.0,5.55,1832000.0,2018,,,
North Dakota,530000.0,72,38160000.0,4579000.0,1.88,71741000.0,2018,,,
Ohio,14000.0,73,1022000.0,491000.0,3.61,3689000.0,2018,,,
Oregon,93000.0,35,3255000.0,1009000.0,2.22,7226000.0,2018,,,
Pennsylvania,19000.0,44,836000.0,309000.0,3.73,3118000.0,2018,,,
South Carolina,16000.0,48,768000.0,15000.0,3.04,2335000.0,2018,,,
South Dakota,255000.0,47,11985000.0,5154000.0,1.98,23730000.0,2018,,,
Tennessee,7000.0,46,322000.0,84000.0,3.99,1285000.0,2018,,,
Texas,132000.0,56,7392000.0,1035000.0,2.06,15228000.0,2018,,,
Utah,26000.0,41,1066000.0,75000.0,2.09,2228000.0,2018,,,
Vermont,7000.0,48,336000.0,94000.0,3.66,1230000.0,2018,,,
Virginia,4000.0,40,160000.0,35000.0,6.83,1093000.0,2018,,,
Washington,77000.0,43,3311000.0,563000.0,2.11,6986000.0,2018,,,
West Virginia,6000.0,37,222000.0,38000.0,4.16,924000.0,2018,,,
Wisconsin,51000.0,45,2295000.0,711000.0,2.76,6334000.0,2018,,,
Wyoming,39000.0,56,2184000.0,175000.0,1.89,4128000.0,2018,,,
Alabama,7000.0,42,294000.0,44000.0,3.2,941000.0,2019,,,
Arizona,23000.0,46,1058000.0,201000.0,1.97,2084000.0,2019,,,
Arkansas,20000.0,55,1100000.0,176000.0,1.53,1683000.0,2019,,,
California,335000.0,48,16080000.0,3216000.0,1.56,25085000.0,2019,,,
Colorado,32000.0,46,1472000.0,500000.0,2.14,3150000.0,2019,,,
Florida,205000.0,45,9225000.0,830000.0,2.48,22878000.0,2019,,,
Georgia,102000.0,33,3366000.0,370000.0,2.61,8785000.0,2019,,,
Hawaii,16000.0,80,1280000.0,51000.0,1.28,1638000.0,2019,,,
Idaho,92000.0,32,2944000.0,677000.0,1.67,4916000.0,2019,,,
Illinois,11000.0,39,429000.0,116000.0,4.31,1849000.0,2019,,,
Indiana,9000.0,55,495000.0,198000.0,3.95,1955000.0,2019,,,
Iowa,38000.0,55,2090000.0,1170000.0,2.24,4682000.0,2019,,,
Kansas,7000.0,79,553000.0,171000.0,2.95,1631000.0,2019,,,
Kentucky,6000.0,41,246000.0,44000.0,4.5,1107000.0,2019,,,
Louisiana,54000.0,72,3888000.0,428000.0,2.04,7932000.0,2019,,,
Maine,15000.0,35,525000.0,110000.0,2.92,1533000.0,2019,,,
Michigan,94000.0,50,4700000.0,1363000.0,2.36,11092000.0,2019,,,
Minnesota,118000.0,59,6962000.0,3063000.0,1.63,11348000.0,2019,,,
Mississippi,22000.0,80,1760000.0,141000.0,1.85,3256000.0,2019,,,
Missouri,10000.0,43,430000.0,73000.0,3.32,1428000.0,2019,,,
Montana,173000.0,86,14878000.0,5802000.0,1.48,22019000.0,2019,,,
Nebraska,39000.0,52,2028000.0,223000.0,1.46,2961000.0,2019,,,
New Jersey,15000.0,28,420000.0,155000.0,3.33,1399000.0,2019,,,
New York,59000.0,58,3422000.0,1027000.0,4.49,15365000.0,2019,,,
North Carolina,14000.0,42,588000.0,118000.0,4.06,2387000.0,2019,,,
North Dakota,520000.0,65,33800000.0,6422000.0,1.4,47320000.0,2019,,,
Ohio,15000.0,67,1005000.0,442000.0,3.42,3437000.0,2019,,,
Oregon,87000.0,32,2784000.0,1141000.0,2.07,5763000.0,2019,,,
Pennsylvania,19000.0,50,950000.0,409000.0,4.24,4028000.0,2019,,,
South Carolina,16000.0,47,752000.0,45000.0,5.01,3768000.0,2019,,,
South Dakota,270000.0,72,19440000.0,7582000.0,1.53,29743000.0,2019,,,
Tennessee,8000.0,57,456000.0,91000.0,4.65,2120000.0,2019,,,
Texas,126000.0,60,7560000.0,1814000.0,2.3,17388000.0,2019,,,
Utah,22000.0,29,638000.0,89000.0,2.06,1314000.0,2019,,,
Vermont,6000.0,48,288000.0,84000.0,4.34,1250000.0,2019,,,
Virginia,5000.0,39,195000.0,49000.0,7.51,1464000.0,2019,,,
Washington,81000.0,35,2835000.0,1191000.0,2.12,6010000.0,2019,,,
West Virginia,6000.0,37,222000.0,47000.0,4.5,999000.0,2019,,,
Wisconsin,46000.0,47,2162000.0,692000.0,2.99,6464000.0,2019,,,
Wyoming,39000.0,56,2184000.0,306000.0,1.35,2948000.0,2019,,,
Alabama,7000.0,39,273000.0,66000.0,5.43,1482000.0,2020,,,
Arizona,25000.0,36,900000.0,360000.0,2.18,1962000.0,2020,,,
Arkansas,20000.0,49,980000.0,176000.0,1.8,1764000.0,2020,,,
California,320000.0,43,13760000.0,2752000.0,1.78,24493000.0,2020,,,
Colorado,30000.0,41,1230000.0,455000.0,2.09,2571000.0,2020,,,
Florida,192000.0,46,8832000.0,883000.0,2.28,20137000.0,2020,,,
Georgia,101000.0,34,3434000.0,412000.0,2.36,8104000.0,2020,,,
Hawaii,15000.0,105,1575000.0,79000.0,1.61,2536000.0,2020,,,
Idaho,107000.0,35,3745000.0,637000.0,1.75,6554000.0,2020,,,
Illinois,10000.0,52,520000.0,156000.0,5.56,2891000.0,2020,,,
Indiana,9000.0,55,495000.0,149000.0,4.14,2049000.0,2020,,,
Iowa,35000.0,58,2030000.0,1259000.0,2.59,5258000.0,2020,,,
Kansas,8000.0,62,496000.0,164000.0,2.93,1453000.0,2020,,,
Kentucky,7000.0,33,231000.0,58000.0,6.25,1444000.0,2020,,,
Louisiana,33000.0,69,2277000.0,228000.0,2.42,5510000.0,2020,,,
Maine,10000.0,30,300000.0,78000.0,3.26,978000.0,2020,,,
Michigan,95000.0,47,4465000.0,1384000.0,2.7,12056000.0,2020,,,
Minnesota,108000.0,55,5940000.0,2495000.0,1.75,10395000.0,2020,,,
Mississippi,25000.0,73,1825000.0,146000.0,1.94,3541000.0,2020,,,
Missouri,9000.0,41,369000.0,100000.0,3.31,1221000.0,2020,,,
Montana,110000.0,81,8910000.0,3208000.0,1.57,13989000.0,2020,,,
Nebraska,37000.0,52,1924000.0,250000.0,1.71,3290000.0,2020,,,
New Jersey,14000.0,31,434000.0,91000.0,7.99,3468000.0,2020,,,
New York,58000.0,56,3248000.0,844000.0,3.39,11011000.0,2020,,,
North Carolina,12000.0,38,456000.0,123000.0,5.13,2339000.0,2020,,,
North Dakota,495000.0,78,38610000.0,8108000.0,1.6,61776000.0,2020,,,
Ohio,16000.0,75,1200000.0,576000.0,3.85,4620000.0,2020,,,
Oregon,95000.0,29,2755000.0,1102000.0,2.47,6805000.0,2020,,,
Pennsylvania,19000.0,48,912000.0,392000.0,4.74,4323000.0,2020,,,
South Carolina,16000.0,46,736000.0,66000.0,3.28,2414000.0,2020,,,
South Dakota,245000.0,61,14945000.0,8668000.0,1.6,23912000.0,2020,,,
Tennessee,7000.0,51,357000.0,54000.0,4.39,1567000.0,2020,,,
Texas,157000.0,57,8949000.0,1253000.0,1.9,17003000.0,2020,,,
Utah,28000.0,34,952000.0,171000.0,2.07,1971000.0,2020,,,
Vermont,6000.0,47,282000.0,96000.0,3.76,1060000.0,2020,,,
Virginia,5000.0,40,200000.0,54000.0,5.44,1088000.0,2020,,,
Washington,98000.0,37,3626000.0,798000.0,2.54,9210000.0,2020,,,
West Virginia,6000.0,46,276000.0,58000.0,3.89,1074000.0,2020,,,
Wisconsin,45000.0,50,2250000.0,855000.0,3.26,7335000.0,2020,,,
Wyoming,38000.0,40,1520000.0,608000.0,1.66,2523000.0,2020,,,
Alabama,8000.0,40,320000.0,112000.0,5.99,1917000.0,2021,,,
Arizona,26000.0,40,1040000.0,368000.0,2.34,2434000.0,2021,,,
Arkansas,17000.0,50,850000.0,255000.0,2.07,1760000.0,2021,,,
California,290000.0,33,9570000.0,1627000.0,2.4,22968000.0,2021,,,
Colorado,29000.0,40,1160000.0,232000.0,2.78,3225000.0,2021,,,
Florida,193000.0,44,8492000.0,849000.0,2.42,20551000.0,2021,,,
Georgia,96000.0,34,3264000.0,261000.0,2.73,8911000.0,2021,,,
Hawaii,15000.0,93,1395000.0,56000.0,2.21,3083000.0,2021,,,
Idaho,100000.0,30,3000000.0,270000.0,2.37,7110000.0,2021,,,
Illinois,10000.0,46,460000.0,115000.0,5.83,2682000.0,2021,,,
Indiana,10000.0,52,520000.0,177000.0,3.89,2023000.0,2021,,,
Iowa,38000.0,55,2090000.0,502000.0,2.46,5141000.0,2021,,,
Kansas,7000.0,42,294000.0,144000.0,2.74,806000.0,2021,,,
Kentucky,7000.0,37,259000.0,73000.0,4.6,1191000.0,2021,,,
Louisiana,37000.0,58,2146000.0,205000.0,2.5,5365000.0,2021,,,
Maine,11000.0,34,374000.0,60000.0,3.18,1189000.0,2021,,,
Michigan,101000.0,51,5151000.0,1957000.0,2.97,15298000.0,2021,,,
Minnesota,125000.0,57,7125000.0,285000.0,2.32,16530000.0,2021,,,
Mississippi,25000.0,71,1775000.0,71000.0,2.77,4917000.0,2021,,,
Missouri,8000.0,35,280000.0,92000.0,3.99,1117000.0,2021,,,
Montana,117000.0,57,6669000.0,1934000.0,2.17,14472000.0,2021,,,
Nebraska,39000.0,47,1833000.0,550000.0,2.17,3978000.0,2021,,,
New Jersey,15000.0,35,525000.0,158000.0,3.27,1717000.0,2021,,,
New York,57000.0,53,3021000.0,665000.0,4.15,12537000.0,2021,,,
North Carolina,13000.0,39,507000.0,104000.0,6.84,3468000.0,2021,,,
North Dakota,515000.0,55,28325000.0,2266000.0,2.19,62032000.0,2021,,,
Ohio,16000.0,64,1024000.0,389000.0,3.7,3789000.0,2021,,,
Oregon,86000.0,31,2666000.0,693000.0,2.14,5705000.0,2021,,,
Pennsylvania,20000.0,42,840000.0,336000.0,3.4,2856000.0,2021,,,
South Carolina,16000.0,42,672000.0,67000.0,5.32,3575000.0,2021,,,
South Dakota,250000.0,49,12250000.0,5268000.0,2.27,27808000.0,2021,,,
Tennessee,8000.0,56,448000.0,81000.0,5.0,2240000.0,2021,,,
Texas,137000.0,56,7672000.0,384000.0,2.3,17646000.0,2021,,,
Utah,31000.0,33,1023000.0,92000.0,2.18,2230000.0,2021,,,
Vermont,7000.0,47,329000.0,76000.0,3.28,1079000.0,2021,,,
Virginia,6000.0,40,240000.0,79000.0,8.23,1975000.0,2021,,,
Washington,96000.0,32,3072000.0,1206000.0,2.52,7741000.0,2021,,,
West Virginia,6000.0,43,258000.0,136000.0,4.8,1238000.0,2021,,,
Wisconsin,42000.0,47,1974000.0,750000.0,2.81,5547000.0,2021,,,
Wyoming,38000.0,58,2204000.0,242000.0,2.07,4562000.0,2021,,,
